path,bytes,runtime_filename_reference_candidate,visual_review
assets/app/adaptive-icon.png,765306,False,CONTACT_SHEET_VIEWED_NOT_ALL_PIXELS_OR_GUI
assets/app/favicon.png,4371,False,CONTACT_SHEET_VIEWED_NOT_ALL_PIXELS_OR_GUI
assets/app/icon.png,1260376,False,CONTACT_SHEET_VIEWED_NOT_ALL_PIXELS_OR_GUI
assets/app/splash-icon.png,566217,False,CONTACT_SHEET_VIEWED_NOT_ALL_PIXELS_OR_GUI
assets/app/ZERO_HOUR_AppIcon_v01.png,1260376,False,CONTACT_SHEET_VIEWED_NOT_ALL_PIXELS_OR_GUI
assets/ui/ZH_UI_Mnemosyne_FieldBoard_v001.png,1985322,True,CONTACT_SHEET_VIEWED_NOT_ALL_PIXELS_OR_GUI
assets/backgrounds/1f/BG_1F_Lobby_Blackout_v01.png,1500124,False,CONTACT_SHEET_VIEWED_NOT_ALL_PIXELS_OR_GUI
assets/backgrounds/1f/BG_1F_Lobby_v01.png,1505312,True,CONTACT_SHEET_VIEWED_NOT_ALL_PIXELS_OR_GUI
assets/backgrounds/1f/BG_1F_StaffDoor_Blackout_v01.png,1323453,True,CONTACT_SHEET_VIEWED_NOT_ALL_PIXELS_OR_GUI
assets/backgrounds/1f/BG_1F_StaffDoor_Normal_v01.png,1334528,True,CONTACT_SHEET_VIEWED_NOT_ALL_PIXELS_OR_GUI
assets/backgrounds/1f/BG_1F_WestElevator_Normal_v01.png,1492261,False,CONTACT_SHEET_VIEWED_NOT_ALL_PIXELS_OR_GUI
assets/backgrounds/3f/BG_302Room_Cleared_v01.png,1213204,True,CONTACT_SHEET_VIEWED_NOT_ALL_PIXELS_OR_GUI
assets/backgrounds/3f/BG_302Room_Normal_v01.png,1018864,True,CONTACT_SHEET_VIEWED_NOT_ALL_PIXELS_OR_GUI
assets/backgrounds/3f/BG_3F_Corridor_Blackout_v01.png,1399918,True,CONTACT_SHEET_VIEWED_NOT_ALL_PIXELS_OR_GUI
assets/backgrounds/3f/BG_3F_Corridor_Normal_v01.png,1762015,True,CONTACT_SHEET_VIEWED_NOT_ALL_PIXELS_OR_GUI
assets/backgrounds/3f/BG_3F_OldEvacuationMap_v01.png,1906115,True,CONTACT_SHEET_VIEWED_NOT_ALL_PIXELS_OR_GUI
assets/backgrounds/b1/BG_B1_OperationsCorridor_Blackout_v01.png,1592211,True,CONTACT_SHEET_VIEWED_NOT_ALL_PIXELS_OR_GUI
assets/backgrounds/b1/BG_B1_OperationsCorridor_Portrait_v01.png,1420443,True,CONTACT_SHEET_VIEWED_NOT_ALL_PIXELS_OR_GUI
assets/backgrounds/car/BG_Car_Interior_Night_v01.png,2000209,True,CONTACT_SHEET_VIEWED_NOT_ALL_PIXELS_OR_GUI
assets/backgrounds/exterior/BG_Hospital_Exterior_Arrival_v01.png,1763498,True,CONTACT_SHEET_VIEWED_NOT_ALL_PIXELS_OR_GUI
assets/backgrounds/special/CG_06Card_Evidence_v01.png,2050241,True,CONTACT_SHEET_VIEWED_NOT_ALL_PIXELS_OR_GUI
assets/backgrounds/special/CG_FirstDeath_Midnight_v01.png,1077320,True,CONTACT_SHEET_VIEWED_NOT_ALL_PIXELS_OR_GUI
assets/backgrounds/title/BG_Title_Baekya_Rain_Portrait_v01.png,1603772,True,CONTACT_SHEET_VIEWED_NOT_ALL_PIXELS_OR_GUI
assets/characters/minseo/master/CHAR_Minseo_FaceMaster_v02.png.png,1062180,False,CONTACT_SHEET_VIEWED_NOT_ALL_PIXELS_OR_GUI
assets/characters/minseo/master/CHAR_Minseo_FullbodyMaster_v01.png,574141,False,CONTACT_SHEET_VIEWED_NOT_ALL_PIXELS_OR_GUI
assets/characters/minseo/refs/CHAR_Minseo_UniformPoseRef_v01.png.png,643935,False,CONTACT_SHEET_VIEWED_NOT_ALL_PIXELS_OR_GUI
assets/characters/minseo/sprites/CHAR_Minseo_Clinical_Full_v01.png,652736,False,CONTACT_SHEET_VIEWED_NOT_ALL_PIXELS_OR_GUI
assets/characters/minseo/sprites/CHAR_Minseo_Clinical_Full_v02.png,851413,True,CONTACT_SHEET_VIEWED_NOT_ALL_PIXELS_OR_GUI
assets/characters/minseo/refs/legacy/CHAR_Minseo_FaceMaster_v01.png,912724,False,CONTACT_SHEET_VIEWED_NOT_ALL_PIXELS_OR_GUI
assets/characters/sea/master/CHAR_Sea_FullbodyMaster_v01.png,1648346,False,CONTACT_SHEET_VIEWED_NOT_ALL_PIXELS_OR_GUI
assets/characters/sea/master/CHAR_Sea_FullbodyMaster_v02.png,1557828,False,CONTACT_SHEET_VIEWED_NOT_ALL_PIXELS_OR_GUI
assets/characters/sea/sprites/CHAR_Sea_Confused_Full_v01.png,693322,False,CONTACT_SHEET_VIEWED_NOT_ALL_PIXELS_OR_GUI
assets/characters/sea/sprites/CHAR_Sea_Confused_Full_v02.png,595346,False,CONTACT_SHEET_VIEWED_NOT_ALL_PIXELS_OR_GUI
assets/characters/sea/sprites/CHAR_Sea_Confused_Full_v03.png,623453,True,CONTACT_SHEET_VIEWED_NOT_ALL_PIXELS_OR_GUI
assets/characters/sea/sprites/CHAR_Sea_Wary_Full_v01.png,1323175,True,CONTACT_SHEET_VIEWED_NOT_ALL_PIXELS_OR_GUI
assets/characters/seoyun/master/CHAR_Seoyun_FaceMaster_v01.png,1016060,False,CONTACT_SHEET_VIEWED_NOT_ALL_PIXELS_OR_GUI
assets/characters/seoyun/master/CHAR_Seoyun_FullbodyMaster_v01.png,1292939,False,CONTACT_SHEET_VIEWED_NOT_ALL_PIXELS_OR_GUI
assets/characters/seoyun/refs/CHAR_Seoyun_BaseRef_v01.png,901516,False,CONTACT_SHEET_VIEWED_NOT_ALL_PIXELS_OR_GUI
assets/characters/seoyun/refs/CHAR_Seoyun_OldDesignRef_v01.png,1209377,False,CONTACT_SHEET_VIEWED_NOT_ALL_PIXELS_OR_GUI
assets/characters/seoyun/sprites/CHAR_Seoyun_Phone_Frightened_Bust_v01.png,1383209,True,CONTACT_SHEET_VIEWED_NOT_ALL_PIXELS_OR_GUI
assets/characters/seoyun/sprites/CHAR_Seoyun_Phone_Guarded_Bust_v01.png,1391115,True,CONTACT_SHEET_VIEWED_NOT_ALL_PIXELS_OR_GUI
assets/characters/seoyun/sprites/CHAR_Seoyun_Phone_Neutral_Bust_v01.png,1107569,False,CONTACT_SHEET_VIEWED_NOT_ALL_PIXELS_OR_GUI
assets/characters/seoyun/sprites/CHAR_Seoyun_Phone_Tense_Bust_v01.png,1340414,False,CONTACT_SHEET_VIEWED_NOT_ALL_PIXELS_OR_GUI
assets/characters/seoyun/sprites/CHAR_Seoyun_Phone_Tense_Bust_v02.png,1316781,True,CONTACT_SHEET_VIEWED_NOT_ALL_PIXELS_OR_GUI
assets/characters/taejun/master/CHAR_Taejun_FaceMaster_v01.png,637236,False,CONTACT_SHEET_VIEWED_NOT_ALL_PIXELS_OR_GUI
assets/characters/taejun/master/CHAR_Taejun_FullbodyMaster_v01.png,549014,False,CONTACT_SHEET_VIEWED_NOT_ALL_PIXELS_OR_GUI
assets/characters/taejun/master/CHAR_Taejun_FullbodyMaster_v02.png,1128735,False,CONTACT_SHEET_VIEWED_NOT_ALL_PIXELS_OR_GUI
assets/characters/taejun/refs/CHAR_Taejun_BodyRef_v01.png.png,486665,False,CONTACT_SHEET_VIEWED_NOT_ALL_PIXELS_OR_GUI
assets/characters/taejun/sprites/CHAR_Taejun_Cold_Bust_v02.png,1141904,False,CONTACT_SHEET_VIEWED_NOT_ALL_PIXELS_OR_GUI
assets/characters/taejun/sprites/CHAR_Taejun_Cold_Full_v01.png,754747,True,CONTACT_SHEET_VIEWED_NOT_ALL_PIXELS_OR_GUI
assets/characters/taejun/sprites/CHAR_Taejun_Confrontational_Full_v01.png,558964,True,CONTACT_SHEET_VIEWED_NOT_ALL_PIXELS_OR_GUI
assets/characters/taejun/sprites/CHAR_Taejun_Watchful_Bust_v02.png,887366,False,CONTACT_SHEET_VIEWED_NOT_ALL_PIXELS_OR_GUI
assets/characters/taejun/sprites/CHAR_Taejun_Watchful_Full_v01.png,762709,True,CONTACT_SHEET_VIEWED_NOT_ALL_PIXELS_OR_GUI
assets/characters/yujin/master/CHAR_Yujin_FullbodyMaster_v01.png,825070,False,CONTACT_SHEET_VIEWED_NOT_ALL_PIXELS_OR_GUI
assets/characters/yujin/master/CHAR_Yujin_FullbodyMaster_v02.png,1297553,False,CONTACT_SHEET_VIEWED_NOT_ALL_PIXELS_OR_GUI
assets/characters/yujin/sprites/CHAR_Yujin_Alarmed_Full_v01.png,523769,False,CONTACT_SHEET_VIEWED_NOT_ALL_PIXELS_OR_GUI
assets/characters/yujin/sprites/CHAR_Yujin_Alarmed_Full_v02.png,442575,False,CONTACT_SHEET_VIEWED_NOT_ALL_PIXELS_OR_GUI
assets/characters/yujin/sprites/CHAR_Yujin_Alarmed_Full_v03.png,517239,True,CONTACT_SHEET_VIEWED_NOT_ALL_PIXELS_OR_GUI
assets/characters/yujin/sprites/CHAR_Yujin_Guarded_Full_v01.png,1265734,True,CONTACT_SHEET_VIEWED_NOT_ALL_PIXELS_OR_GUI
assets/generated/concepts/BG_B1_TwoBedRoom_Concept_v01.png,1867206,False,CONTACT_SHEET_VIEWED_NOT_ALL_PIXELS_OR_GUI
assets/generated/imagegen/BG_1F_Lobby_Blackout_imageedit_v01.png,1500124,False,CONTACT_SHEET_VIEWED_NOT_ALL_PIXELS_OR_GUI
assets/generated/imagegen/BG_1F_StaffDoor_Blackout_imageedit_v01.png,1323453,False,CONTACT_SHEET_VIEWED_NOT_ALL_PIXELS_OR_GUI
assets/generated/imagegen/BG_3F_OldEvacuationMap_text-cleaned_v01.png,1906115,False,CONTACT_SHEET_VIEWED_NOT_ALL_PIXELS_OR_GUI
assets/generated/imagegen/BG_B1_TwoBedRoom_Concept_clock-cleaned_v01.png,1867206,False,CONTACT_SHEET_VIEWED_NOT_ALL_PIXELS_OR_GUI
assets/generated/imagegen/CG_FirstDeath_Midnight_watch-locked_v01.png,1077320,False,CONTACT_SHEET_VIEWED_NOT_ALL_PIXELS_OR_GUI
assets/generated/imagegen/CHAR_Sea_Confused_Full_matte_v01.png,1251399,False,CONTACT_SHEET_VIEWED_NOT_ALL_PIXELS_OR_GUI
assets/generated/imagegen/CHAR_Sea_Fullbody_v02.png,1557828,False,CONTACT_SHEET_VIEWED_NOT_ALL_PIXELS_OR_GUI
assets/generated/imagegen/CHAR_Sea_Wary_Transparent_v01.png,1323175,False,CONTACT_SHEET_VIEWED_NOT_ALL_PIXELS_OR_GUI
assets/generated/imagegen/CHAR_Seoyun_Phone_Tense_Bust_mole-locked_v01.png,1529736,False,CONTACT_SHEET_VIEWED_NOT_ALL_PIXELS_OR_GUI
assets/generated/imagegen/CHAR_Seoyun_Phone_Tense_Bust_v01.png,1408432,False,CONTACT_SHEET_VIEWED_NOT_ALL_PIXELS_OR_GUI
assets/generated/imagegen/CHAR_Taejun_Cold_Transparent_v01.png,754747,False,CONTACT_SHEET_VIEWED_NOT_ALL_PIXELS_OR_GUI
assets/generated/imagegen/CHAR_Taejun_FullbodyMaster_v02.png,1128735,False,CONTACT_SHEET_VIEWED_NOT_ALL_PIXELS_OR_GUI
assets/generated/imagegen/CHAR_Taejun_Watchful_Transparent_v02.png,762709,False,CONTACT_SHEET_VIEWED_NOT_ALL_PIXELS_OR_GUI
assets/generated/imagegen/CHAR_Yujin_Alarmed_Transparent_v01.png,523769,False,CONTACT_SHEET_VIEWED_NOT_ALL_PIXELS_OR_GUI
assets/generated/imagegen/CHAR_Yujin_Fullbody_v02.png,1297553,False,CONTACT_SHEET_VIEWED_NOT_ALL_PIXELS_OR_GUI
assets/generated/imagegen/CHAR_Yujin_Guarded_Transparent_v01.png,1265734,False,CONTACT_SHEET_VIEWED_NOT_ALL_PIXELS_OR_GUI
assets/generated/imagegen/ZERO_HOUR_AppIcon_midnight-locked_v01.png,1716129,False,CONTACT_SHEET_VIEWED_NOT_ALL_PIXELS_OR_GUI
assets/generated/midjourney/inbox/BG_1F_StaffDoor_17384d31_2.jpeg,286868,False,CONTACT_SHEET_VIEWED_NOT_ALL_PIXELS_OR_GUI
assets/generated/midjourney/inbox/BG_1F_WestElevator_4793a422_3.jpeg,328216,False,CONTACT_SHEET_VIEWED_NOT_ALL_PIXELS_OR_GUI
assets/generated/midjourney/inbox/BG_302Room_Cleared_478e70a5_0_1.jpeg,248172,False,CONTACT_SHEET_VIEWED_NOT_ALL_PIXELS_OR_GUI
assets/generated/midjourney/inbox/BG_302Room_Normal_3391d1ad_0_3.jpeg,211707,False,CONTACT_SHEET_VIEWED_NOT_ALL_PIXELS_OR_GUI
assets/generated/midjourney/inbox/BG_3F_OldEvacuationMap_5928ea87_0_3.png,1564813,False,CONTACT_SHEET_VIEWED_NOT_ALL_PIXELS_OR_GUI
assets/generated/midjourney/inbox/BG_B1_ObservationRoom06_198868b9_1.jpeg,324510,False,CONTACT_SHEET_VIEWED_NOT_ALL_PIXELS_OR_GUI
assets/generated/midjourney/inbox/BG_B1_ObservationRoom06_198868b9_2.jpeg,292665,False,CONTACT_SHEET_VIEWED_NOT_ALL_PIXELS_OR_GUI
assets/generated/midjourney/inbox/BG_B1_OperationsCorridor_b8480f95_2.jpeg,349813,False,CONTACT_SHEET_VIEWED_NOT_ALL_PIXELS_OR_GUI
assets/generated/midjourney/inbox/CG_FirstDeath_Midnight_84fc15e2_0.png,709320,False,CONTACT_SHEET_VIEWED_NOT_ALL_PIXELS_OR_GUI
assets/generated/midjourney/inbox/TAEJUN_fullbody_7afc79da_0.jpeg,135317,False,CONTACT_SHEET_VIEWED_NOT_ALL_PIXELS_OR_GUI
assets/generated/midjourney/inbox/TAEJUN_fullbody_a2a15249_0.jpeg,157396,False,CONTACT_SHEET_VIEWED_NOT_ALL_PIXELS_OR_GUI
assets/generated/midjourney/inbox/TAEJUN_fullbody_a2a15249_2.jpeg,133171,False,CONTACT_SHEET_VIEWED_NOT_ALL_PIXELS_OR_GUI
assets/generated/midjourney/inbox/TAEJUN_fullbody_f54f0448_1.jpeg,148265,False,CONTACT_SHEET_VIEWED_NOT_ALL_PIXELS_OR_GUI
assets/generated/midjourney/inbox/ZERO_HOUR_AppIcon_fcc0a305_0_2.png,1204533,False,CONTACT_SHEET_VIEWED_NOT_ALL_PIXELS_OR_GUI
assets/uniforms/nurse/UNI_Nurse_Master_v01.png,408937,False,CONTACT_SHEET_VIEWED_NOT_ALL_PIXELS_OR_GUI
assets/uniforms/patient/UNI_Patient_Master_v01.png,564154,False,CONTACT_SHEET_VIEWED_NOT_ALL_PIXELS_OR_GUI
assets/uniforms/security/UNI_Security_Master_v01.png,317480,False,CONTACT_SHEET_VIEWED_NOT_ALL_PIXELS_OR_GUI
assets/uniforms/nurse/refs/UNI_Nurse_MaleFit_Ref_v01.png,449710,False,CONTACT_SHEET_VIEWED_NOT_ALL_PIXELS_OR_GUI
